[{"model": "admin.logentry", "pk": 1, "fields": {"action_time": "2022-03-09T10:55:08.744Z", "user": 1, "content_type": 7, "object_id": "1", "object_repr": "the_pattern_mill.com", "action_flag": 2, "change_message": "[{\"changed\": {\"fields\": [\"Domain name\", \"Display name\"]}}]"}}, {"model": "admin.logentry", "pk": 2, "fields": {"action_time": "2022-03-09T11:34:36.178Z", "user": 1, "content_type": 8, "object_id": "1", "object_repr": "nickymacm@gmail.com", "action_flag": 1, "change_message": "[{\"added\": {}}]"}}, {"model": "admin.logentry", "pk": 3, "fields": {"action_time": "2022-03-15T13:30:46.355Z", "user": 1, "content_type": 14, "object_id": "1", "object_repr": "Abstract", "action_flag": 1, "change_message": "[{\"added\": {}}]"}}, {"model": "admin.logentry", "pk": 4, "fields": {"action_time": "2022-03-15T13:33:33.036Z", "user": 1, "content_type": 14, "object_id": "2", "object_repr": "Abstract 2", "action_flag": 1, "change_message": "[{\"added\": {}}]"}}, {"model": "admin.logentry", "pk": 5, "fields": {"action_time": "2022-03-15T13:34:10.901Z", "user": 1, "content_type": 14, "object_id": "3", "object_repr": "Abstract 3", "action_flag": 1, "change_message": "[{\"added\": {}}]"}}, {"model": "admin.logentry", "pk": 6, "fields": {"action_time": "2022-03-15T13:34:40.221Z", "user": 1, "content_type": 14, "object_id": "4", "object_repr": "Abstract 4", "action_flag": 1, "change_message": "[{\"added\": {}}]"}}, {"model": "admin.logentry", "pk": 7, "fields": {"action_time": "2022-03-20T16:00:31.556Z", "user": 1, "content_type": 14, "object_id": "5", "object_repr": "Arizona Original Bootcut Jeans", "action_flag": 2, "change_message": "[]"}}, {"model": "admin.logentry", "pk": 8, "fields": {"action_time": "2022-03-20T16:04:30.847Z", "user": 1, "content_type": 14, "object_id": "5", "object_repr": "Arizona Original Bootcut Jeans", "action_flag": 2, "change_message": "[{\"changed\": {\"fields\": [\"Category\"]}}]"}}, {"model": "admin.logentry", "pk": 9, "fields": {"action_time": "2022-03-20T16:50:23.223Z", "user": 1, "content_type": 14, "object_id": "5", "object_repr": "Textured Background by Jason Leung", "action_flag": 2, "change_message": "[{\"changed\": {\"fields\": [\"Sku\", \"Name\", \"Description\", \"Image url\"]}}]"}}, {"model": "admin.logentry", "pk": 10, "fields": {"action_time": "2022-03-20T16:56:27.338Z", "user": 1, "content_type": 14, "object_id": "5", "object_repr": "Textured Background by Jason Leung", "action_flag": 2, "change_message": "[{\"changed\": {\"fields\": [\"Price\"]}}]"}}, {"model": "admin.logentry", "pk": 11, "fields": {"action_time": "2022-03-20T16:56:59.213Z", "user": 1, "content_type": 14, "object_id": "1", "object_repr": "Abstract", "action_flag": 3, "change_message": ""}}, {"model": "admin.logentry", "pk": 12, "fields": {"action_time": "2022-03-20T16:56:59.215Z", "user": 1, "content_type": 14, "object_id": "2", "object_repr": "Abstract 2", "action_flag": 3, "change_message": ""}}, {"model": "admin.logentry", "pk": 13, "fields": {"action_time": "2022-03-20T16:56:59.216Z", "user": 1, "content_type": 14, "object_id": "3", "object_repr": "Abstract 3", "action_flag": 3, "change_message": ""}}, {"model": "admin.logentry", "pk": 14, "fields": {"action_time": "2022-03-20T16:56:59.217Z", "user": 1, "content_type": 14, "object_id": "4", "object_repr": "Abstract 4", "action_flag": 3, "change_message": ""}}, {"model": "admin.logentry", "pk": 15, "fields": {"action_time": "2022-03-20T16:57:18.379Z", "user": 1, "content_type": 14, "object_id": "5", "object_repr": "Textured Background by Jason Leung", "action_flag": 2, "change_message": "[]"}}, {"model": "admin.logentry", "pk": 16, "fields": {"action_time": "2022-03-20T17:02:25.208Z", "user": 1, "content_type": 14, "object_id": "6", "object_repr": "Lego by Omar Flores", "action_flag": 1, "change_message": "[{\"added\": {}}]"}}, {"model": "admin.logentry", "pk": 17, "fields": {"action_time": "2022-03-20T17:07:01.906Z", "user": 1, "content_type": 14, "object_id": "7", "object_repr": "Burst by Alexander Ant", "action_flag": 1, "change_message": "[{\"added\": {}}]"}}, {"model": "admin.logentry", "pk": 18, "fields": {"action_time": "2022-03-20T17:13:02.519Z", "user": 1, "content_type": 14, "object_id": "8", "object_repr": "Fence by Anet Lusina", "action_flag": 1, "change_message": "[{\"added\": {}}]"}}, {"model": "admin.logentry", "pk": 19, "fields": {"action_time": "2022-03-20T17:19:35.885Z", "user": 1, "content_type": 14, "object_id": "9", "object_repr": "Anni Roenkae", "action_flag": 1, "change_message": "[{\"added\": {}}]"}}, {"model": "admin.logentry", "pk": 20, "fields": {"action_time": "2022-03-20T17:29:08.906Z", "user": 1, "content_type": 14, "object_id": "10", "object_repr": "purple haze by Anni Roenkae", "action_flag": 1, "change_message": "[{\"added\": {}}]"}}, {"model": "admin.logentry", "pk": 21, "fields": {"action_time": "2022-03-20T17:34:22.075Z", "user": 1, "content_type": 14, "object_id": "11", "object_repr": "Modern Building by Athena", "action_flag": 1, "change_message": "[{\"added\": {}}]"}}, {"model": "admin.logentry", "pk": 22, "fields": {"action_time": "2022-03-20T17:37:43.585Z", "user": 1, "content_type": 14, "object_id": "12", "object_repr": "Diamond by Ben Neale", "action_flag": 1, "change_message": "[{\"added\": {}}]"}}, {"model": "admin.logentry", "pk": 23, "fields": {"action_time": "2022-03-20T17:40:49.479Z", "user": 1, "content_type": 14, "object_id": "13", "object_repr": "Spin by Malens", "action_flag": 1, "change_message": "[{\"added\": {}}]"}}, {"model": "admin.logentry", "pk": 24, "fields": {"action_time": "2022-03-20T17:42:21.204Z", "user": 1, "content_type": 14, "object_id": "14", "object_repr": "By Malen", "action_flag": 1, "change_message": "[{\"added\": {}}]"}}, {"model": "admin.logentry", "pk": 25, "fields": {"action_time": "2022-03-20T17:49:19.324Z", "user": 1, "content_type": 14, "object_id": "15", "object_repr": "Tiles by Angele Kamp", "action_flag": 1, "change_message": "[{\"added\": {}}]"}}, {"model": "admin.logentry", "pk": 26, "fields": {"action_time": "2022-03-20T17:53:09.590Z", "user": 1, "content_type": 14, "object_id": "16", "object_repr": "Strawberry Thief by William Morris & Co", "action_flag": 1, "change_message": "[{\"added\": {}}]"}}, {"model": "admin.logentry", "pk": 27, "fields": {"action_time": "2022-03-20T17:56:20.209Z", "user": 1, "content_type": 14, "object_id": "17", "object_repr": "Roses by B.P Miller", "action_flag": 1, "change_message": "[{\"added\": {}}]"}}, {"model": "admin.logentry", "pk": 28, "fields": {"action_time": "2022-03-20T18:01:59.525Z", "user": 1, "content_type": 14, "object_id": "17", "object_repr": "Roses by B.P Miller", "action_flag": 2, "change_message": "[]"}}, {"model": "admin.logentry", "pk": 29, "fields": {"action_time": "2022-03-20T18:04:57.976Z", "user": 1, "content_type": 14, "object_id": "18", "object_repr": "Flowers on a wall by Judson Moore", "action_flag": 1, "change_message": "[{\"added\": {}}]"}}, {"model": "admin.logentry", "pk": 30, "fields": {"action_time": "2022-03-20T18:09:19.316Z", "user": 1, "content_type": 14, "object_id": "19", "object_repr": "Flower Power by Magda Ehlers", "action_flag": 1, "change_message": "[{\"added\": {}}]"}}, {"model": "admin.logentry", "pk": 31, "fields": {"action_time": "2022-03-20T18:13:18.445Z", "user": 1, "content_type": 14, "object_id": "20", "object_repr": "Neosiam 2021", "action_flag": 1, "change_message": "[{\"added\": {}}]"}}, {"model": "admin.logentry", "pk": 32, "fields": {"action_time": "2022-03-20T18:20:36.942Z", "user": 1, "content_type": 14, "object_id": "21", "object_repr": "Brown Floral by Jon Tyson", "action_flag": 1, "change_message": "[{\"added\": {}}]"}}, {"model": "admin.logentry", "pk": 33, "fields": {"action_time": "2022-03-20T18:27:33.029Z", "user": 1, "content_type": 14, "object_id": "22", "object_repr": "flowers by Sun Jin Cho", "action_flag": 1, "change_message": "[{\"added\": {}}]"}}, {"model": "admin.logentry", "pk": 34, "fields": {"action_time": "2022-03-20T18:34:40.736Z", "user": 1, "content_type": 14, "object_id": "23", "object_repr": "Kaleidoscope by Suzy Hazelwood", "action_flag": 1, "change_message": "[{\"added\": {}}]"}}, {"model": "admin.logentry", "pk": 35, "fields": {"action_time": "2022-03-20T18:35:15.324Z", "user": 1, "content_type": 13, "object_id": "3", "object_repr": "floral", "action_flag": 2, "change_message": "[]"}}, {"model": "admin.logentry", "pk": 36, "fields": {"action_time": "2022-03-20T18:35:25.349Z", "user": 1, "content_type": 14, "object_id": "20", "object_repr": "Neosiam 2021", "action_flag": 2, "change_message": "[{\"changed\": {\"fields\": [\"Sku\"]}}]"}}, {"model": "admin.logentry", "pk": 37, "fields": {"action_time": "2022-03-20T18:35:28.974Z", "user": 1, "content_type": 14, "object_id": "20", "object_repr": "Neosiam 2021", "action_flag": 2, "change_message": "[]"}}, {"model": "admin.logentry", "pk": 38, "fields": {"action_time": "2022-03-20T18:35:41.601Z", "user": 1, "content_type": 14, "object_id": "23", "object_repr": "Kaleidoscope by Suzy Hazelwood", "action_flag": 2, "change_message": "[{\"changed\": {\"fields\": [\"Sku\"]}}]"}}, {"model": "admin.logentry", "pk": 39, "fields": {"action_time": "2022-03-20T18:38:18.154Z", "user": 1, "content_type": 14, "object_id": "24", "object_repr": "flora dance by Suzy Hazelwood", "action_flag": 1, "change_message": "[{\"added\": {}}]"}}, {"model": "admin.logentry", "pk": 40, "fields": {"action_time": "2022-03-21T09:40:57.162Z", "user": 1, "content_type": 14, "object_id": "25", "object_repr": "Botanical by Albin Biju", "action_flag": 1, "change_message": "[{\"added\": {}}]"}}, {"model": "admin.logentry", "pk": 41, "fields": {"action_time": "2022-03-21T09:44:03.946Z", "user": 1, "content_type": 14, "object_id": "26", "object_repr": "lantas De Hojas Rojas Y Verdes by Digital Buggu", "action_flag": 1, "change_message": "[{\"added\": {}}]"}}, {"model": "admin.logentry", "pk": 42, "fields": {"action_time": "2022-03-21T09:46:56.546Z", "user": 1, "content_type": 14, "object_id": "27", "object_repr": "Red Leaf Pattern by Dmitri Posudin", "action_flag": 1, "change_message": "[{\"added\": {}}]"}}, {"model": "admin.logentry", "pk": 43, "fields": {"action_time": "2022-03-21T09:49:06.793Z", "user": 1, "content_type": 14, "object_id": "28", "object_repr": "Mushrooms by Drew Anderson", "action_flag": 1, "change_message": "[{\"added\": {}}]"}}, {"model": "admin.logentry", "pk": 44, "fields": {"action_time": "2022-03-21T09:51:26.815Z", "user": 1, "content_type": 14, "object_id": "29", "object_repr": "Fern by Eugene Golovesov", "action_flag": 1, "change_message": "[{\"added\": {}}]"}}, {"model": "admin.logentry", "pk": 45, "fields": {"action_time": "2022-03-21T09:53:59.235Z", "user": 1, "content_type": 14, "object_id": "30", "object_repr": "Green and Red by Gustavo Perez", "action_flag": 1, "change_message": "[{\"added\": {}}]"}}, {"model": "admin.logentry", "pk": 46, "fields": {"action_time": "2022-03-21T09:56:36.912Z", "user": 1, "content_type": 14, "object_id": "31", "object_repr": "Up Above by  Irina Iriser", "action_flag": 1, "change_message": "[{\"added\": {}}]"}}, {"model": "admin.logentry", "pk": 47, "fields": {"action_time": "2022-03-21T09:59:54.607Z", "user": 1, "content_type": 14, "object_id": "32", "object_repr": "Macro by Karolina Grabos", "action_flag": 1, "change_message": "[{\"added\": {}}]"}}, {"model": "admin.logentry", "pk": 48, "fields": {"action_time": "2022-03-21T10:04:27.954Z", "user": 1, "content_type": 14, "object_id": "33", "object_repr": "Transparent Orange by Neosiam 2021", "action_flag": 1, "change_message": "[{\"added\": {}}]"}}, {"model": "admin.logentry", "pk": 49, "fields": {"action_time": "2022-03-21T10:07:59.773Z", "user": 1, "content_type": 14, "object_id": "34", "object_repr": "CrisCross by Pixabay", "action_flag": 1, "change_message": "[{\"added\": {}}]"}}, {"model": "admin.logentry", "pk": 50, "fields": {"action_time": "2022-03-21T10:14:58.077Z", "user": 1, "content_type": 14, "object_id": "35", "object_repr": "Mountains by Andrej Lisakov", "action_flag": 1, "change_message": "[{\"added\": {}}]"}}, {"model": "admin.logentry", "pk": 51, "fields": {"action_time": "2022-03-21T10:20:00.056Z", "user": 1, "content_type": 14, "object_id": "36", "object_repr": "Sailing by Faith Kgqu", "action_flag": 1, "change_message": "[{\"added\": {}}]"}}, {"model": "admin.logentry", "pk": 52, "fields": {"action_time": "2022-03-21T10:22:32.815Z", "user": 1, "content_type": 14, "object_id": "37", "object_repr": "Umbrellas by George Pagan III", "action_flag": 1, "change_message": "[{\"added\": {}}]"}}, {"model": "admin.logentry", "pk": 53, "fields": {"action_time": "2022-03-21T10:24:21.460Z", "user": 1, "content_type": 14, "object_id": "38", "object_repr": "Geo by Magic Pattern", "action_flag": 1, "change_message": "[{\"added\": {}}]"}}, {"model": "admin.logentry", "pk": 54, "fields": {"action_time": "2022-03-21T10:27:56.313Z", "user": 1, "content_type": 14, "object_id": "39", "object_repr": "Mosaic by Max Williams", "action_flag": 1, "change_message": "[{\"added\": {}}]"}}, {"model": "admin.logentry", "pk": 55, "fields": {"action_time": "2022-03-21T10:31:13.279Z", "user": 1, "content_type": 14, "object_id": "40", "object_repr": "Stars ny Alesia Kozic", "action_flag": 1, "change_message": "[{\"added\": {}}]"}}, {"model": "admin.logentry", "pk": 56, "fields": {"action_time": "2022-03-21T10:33:00.639Z", "user": 1, "content_type": 14, "object_id": "41", "object_repr": "Crop circle by", "action_flag": 1, "change_message": "[{\"added\": {}}]"}}, {"model": "admin.logentry", "pk": 57, "fields": {"action_time": "2022-03-21T10:35:51.913Z", "user": 1, "content_type": 14, "object_id": "42", "object_repr": "Squares by Skylar Kang", "action_flag": 1, "change_message": "[{\"added\": {}}]"}}, {"model": "admin.logentry", "pk": 58, "fields": {"action_time": "2022-03-21T10:37:59.833Z", "user": 1, "content_type": 14, "object_id": "43", "object_repr": "Eagle by Rome Mike", "action_flag": 1, "change_message": "[{\"added\": {}}]"}}, {"model": "admin.logentry", "pk": 59, "fields": {"action_time": "2022-03-21T10:40:54.545Z", "user": 1, "content_type": 14, "object_id": "44", "object_repr": "Cityscape by Ryunosuke Kikuno", "action_flag": 1, "change_message": "[{\"added\": {}}]"}}, {"model": "admin.logentry", "pk": 60, "fields": {"action_time": "2022-03-21T10:51:02.584Z", "user": 1, "content_type": 14, "object_id": "45", "object_repr": "Spiders by Jason Leung", "action_flag": 1, "change_message": "[{\"added\": {}}]"}}, {"model": "admin.logentry", "pk": 61, "fields": {"action_time": "2022-03-21T10:54:43.748Z", "user": 1, "content_type": 14, "object_id": "46", "object_repr": "Numbers Game by Jon Tyson", "action_flag": 1, "change_message": "[{\"added\": {}}]"}}, {"model": "admin.logentry", "pk": 62, "fields": {"action_time": "2022-03-21T10:59:59.606Z", "user": 1, "content_type": 14, "object_id": "47", "object_repr": "by Martin Woortman", "action_flag": 1, "change_message": "[{\"added\": {}}]"}}, {"model": "admin.logentry", "pk": 63, "fields": {"action_time": "2022-03-21T11:02:23.840Z", "user": 1, "content_type": 14, "object_id": "48", "object_repr": "Capsules by Anna Shvets", "action_flag": 1, "change_message": "[{\"added\": {}}]"}}, {"model": "admin.logentry", "pk": 64, "fields": {"action_time": "2022-03-21T11:09:55.092Z", "user": 1, "content_type": 14, "object_id": "49", "object_repr": "Red Hot by  Dayvison de Oliveira Silva", "action_flag": 1, "change_message": "[{\"added\": {}}]"}}, {"model": "admin.logentry", "pk": 65, "fields": {"action_time": "2022-03-21T11:13:19.098Z", "user": 1, "content_type": 14, "object_id": "50", "object_repr": "Buttons by Eva Elijas", "action_flag": 1, "change_message": "[{\"added\": {}}]"}}, {"model": "admin.logentry", "pk": 66, "fields": {"action_time": "2022-03-21T11:16:19.620Z", "user": 1, "content_type": 14, "object_id": "51", "object_repr": "Blueberries by  Mikhail Nilov", "action_flag": 1, "change_message": "[{\"added\": {}}]"}}, {"model": "admin.logentry", "pk": 67, "fields": {"action_time": "2022-03-21T11:20:24.275Z", "user": 1, "content_type": 14, "object_id": "52", "object_repr": "Epidemic by Monstera", "action_flag": 1, "change_message": "[{\"added\": {}}]"}}, {"model": "admin.logentry", "pk": 68, "fields": {"action_time": "2022-03-21T11:23:10.614Z", "user": 1, "content_type": 14, "object_id": "53", "object_repr": "Code by Sabrina Gelbart", "action_flag": 1, "change_message": "[{\"added\": {}}]"}}, {"model": "admin.logentry", "pk": 69, "fields": {"action_time": "2022-03-21T11:25:25.662Z", "user": 1, "content_type": 14, "object_id": "54", "object_repr": "Cactus by Valeriia Miller", "action_flag": 1, "change_message": "[{\"added\": {}}]"}}, {"model": "admin.logentry", "pk": 70, "fields": {"action_time": "2022-03-21T11:27:12.708Z", "user": 1, "content_type": 14, "object_id": "55", "object_repr": "Pink Flamingos by Stephane Yaich", "action_flag": 1, "change_message": "[{\"added\": {}}]"}}, {"model": "admin.logentry", "pk": 71, "fields": {"action_time": "2022-03-21T11:27:35.592Z", "user": 1, "content_type": 14, "object_id": "52", "object_repr": "Epidemic by Monstera", "action_flag": 3, "change_message": ""}}, {"model": "admin.logentry", "pk": 72, "fields": {"action_time": "2022-03-23T17:23:49.565Z", "user": 1, "content_type": 14, "object_id": "5", "object_repr": "Textured Background by Jason Leung", "action_flag": 2, "change_message": "[{\"changed\": {\"fields\": [\"Has options\"]}}]"}}, {"model": "admin.logentry", "pk": 73, "fields": {"action_time": "2022-03-23T17:24:18.941Z", "user": 1, "content_type": 14, "object_id": "5", "object_repr": "Textured Background by Jason Leung", "action_flag": 2, "change_message": "[]"}}, {"model": "admin.logentry", "pk": 74, "fields": {"action_time": "2022-03-23T17:26:05.801Z", "user": 1, "content_type": 14, "object_id": "6", "object_repr": "Lego by Omar Flores", "action_flag": 2, "change_message": "[{\"changed\": {\"fields\": [\"Has options\"]}}]"}}, {"model": "admin.logentry", "pk": 75, "fields": {"action_time": "2022-03-23T17:26:18.914Z", "user": 1, "content_type": 14, "object_id": "7", "object_repr": "Burst by Alexander Ant", "action_flag": 2, "change_message": "[{\"changed\": {\"fields\": [\"Has options\"]}}]"}}, {"model": "admin.logentry", "pk": 76, "fields": {"action_time": "2022-03-23T17:26:30.395Z", "user": 1, "content_type": 14, "object_id": "8", "object_repr": "Fence by Anet Lusina", "action_flag": 2, "change_message": "[{\"changed\": {\"fields\": [\"Has options\"]}}]"}}, {"model": "admin.logentry", "pk": 77, "fields": {"action_time": "2022-03-23T17:26:40.016Z", "user": 1, "content_type": 14, "object_id": "9", "object_repr": "Anni Roenkae", "action_flag": 2, "change_message": "[{\"changed\": {\"fields\": [\"Has options\"]}}]"}}, {"model": "admin.logentry", "pk": 78, "fields": {"action_time": "2022-03-23T17:26:47.509Z", "user": 1, "content_type": 14, "object_id": "10", "object_repr": "purple haze by Anni Roenkae", "action_flag": 2, "change_message": "[{\"changed\": {\"fields\": [\"Has options\"]}}]"}}, {"model": "admin.logentry", "pk": 79, "fields": {"action_time": "2022-03-23T17:26:56.440Z", "user": 1, "content_type": 14, "object_id": "11", "object_repr": "Modern Building by Athena", "action_flag": 2, "change_message": "[{\"changed\": {\"fields\": [\"Has options\"]}}]"}}, {"model": "admin.logentry", "pk": 80, "fields": {"action_time": "2022-03-23T17:27:02.612Z", "user": 1, "content_type": 14, "object_id": "11", "object_repr": "Modern Building by Athena", "action_flag": 2, "change_message": "[]"}}, {"model": "admin.logentry", "pk": 81, "fields": {"action_time": "2022-03-23T17:27:15.741Z", "user": 1, "content_type": 14, "object_id": "12", "object_repr": "Diamond by Ben Neale", "action_flag": 2, "change_message": "[{\"changed\": {\"fields\": [\"Has options\", \"Price\"]}}]"}}, {"model": "admin.logentry", "pk": 82, "fields": {"action_time": "2022-03-23T17:27:23.116Z", "user": 1, "content_type": 14, "object_id": "12", "object_repr": "Diamond by Ben Neale", "action_flag": 2, "change_message": "[]"}}, {"model": "admin.logentry", "pk": 83, "fields": {"action_time": "2022-03-23T17:27:36.391Z", "user": 1, "content_type": 14, "object_id": "13", "object_repr": "Spin by Malens", "action_flag": 2, "change_message": "[{\"changed\": {\"fields\": [\"Has options\", \"Price\"]}}]"}}, {"model": "admin.logentry", "pk": 84, "fields": {"action_time": "2022-03-23T17:27:53.741Z", "user": 1, "content_type": 14, "object_id": "14", "object_repr": "By Malen", "action_flag": 2, "change_message": "[{\"changed\": {\"fields\": [\"Has options\"]}}]"}}, {"model": "admin.logentry", "pk": 85, "fields": {"action_time": "2022-03-23T17:28:07.563Z", "user": 1, "content_type": 14, "object_id": "15", "object_repr": "Tiles by Angele Kamp", "action_flag": 2, "change_message": "[{\"changed\": {\"fields\": [\"Has options\"]}}]"}}, {"model": "admin.logentry", "pk": 86, "fields": {"action_time": "2022-03-23T17:28:14.704Z", "user": 1, "content_type": 14, "object_id": "16", "object_repr": "Strawberry Thief by William Morris & Co", "action_flag": 2, "change_message": "[{\"changed\": {\"fields\": [\"Has options\"]}}]"}}, {"model": "admin.logentry", "pk": 87, "fields": {"action_time": "2022-03-23T17:28:24.007Z", "user": 1, "content_type": 14, "object_id": "17", "object_repr": "Roses by B.P Miller", "action_flag": 2, "change_message": "[{\"changed\": {\"fields\": [\"Has options\"]}}]"}}, {"model": "admin.logentry", "pk": 88, "fields": {"action_time": "2022-03-23T17:28:33.906Z", "user": 1, "content_type": 14, "object_id": "21", "object_repr": "Brown Floral by Jon Tyson", "action_flag": 2, "change_message": "[{\"changed\": {\"fields\": [\"Has options\"]}}]"}}, {"model": "admin.logentry", "pk": 89, "fields": {"action_time": "2022-03-23T17:28:41.924Z", "user": 1, "content_type": 14, "object_id": "18", "object_repr": "Flowers on a wall by Judson Moore", "action_flag": 2, "change_message": "[{\"changed\": {\"fields\": [\"Has options\"]}}]"}}, {"model": "admin.logentry", "pk": 90, "fields": {"action_time": "2022-03-23T17:28:51.671Z", "user": 1, "content_type": 14, "object_id": "19", "object_repr": "Flower Power by Magda Ehlers", "action_flag": 2, "change_message": "[{\"changed\": {\"fields\": [\"Has options\"]}}]"}}, {"model": "admin.logentry", "pk": 91, "fields": {"action_time": "2022-03-23T17:29:00.110Z", "user": 1, "content_type": 14, "object_id": "22", "object_repr": "flowers by Sun Jin Cho", "action_flag": 2, "change_message": "[{\"changed\": {\"fields\": [\"Has options\"]}}]"}}, {"model": "admin.logentry", "pk": 92, "fields": {"action_time": "2022-03-23T17:29:09.693Z", "user": 1, "content_type": 14, "object_id": "20", "object_repr": "Neosiam 2021", "action_flag": 2, "change_message": "[{\"changed\": {\"fields\": [\"Has options\"]}}]"}}, {"model": "admin.logentry", "pk": 93, "fields": {"action_time": "2022-03-23T17:29:19.563Z", "user": 1, "content_type": 14, "object_id": "23", "object_repr": "Kaleidoscope by Suzy Hazelwood", "action_flag": 2, "change_message": "[{\"changed\": {\"fields\": [\"Has options\"]}}]"}}, {"model": "admin.logentry", "pk": 94, "fields": {"action_time": "2022-03-23T17:29:28.096Z", "user": 1, "content_type": 14, "object_id": "24", "object_repr": "flora dance by Suzy Hazelwood", "action_flag": 2, "change_message": "[{\"changed\": {\"fields\": [\"Has options\"]}}]"}}, {"model": "admin.logentry", "pk": 95, "fields": {"action_time": "2022-03-23T17:37:18.999Z", "user": 1, "content_type": 14, "object_id": "36", "object_repr": "Sailing by Faith Kgqu", "action_flag": 2, "change_message": "[{\"changed\": {\"fields\": [\"Has options\"]}}]"}}, {"model": "admin.logentry", "pk": 96, "fields": {"action_time": "2022-03-23T17:37:45.394Z", "user": 1, "content_type": 14, "object_id": "35", "object_repr": "Mountains by Andrej Lisakov", "action_flag": 2, "change_message": "[{\"changed\": {\"fields\": [\"Sku\", \"Has options\"]}}]"}}, {"model": "admin.logentry", "pk": 97, "fields": {"action_time": "2022-03-23T17:37:55.381Z", "user": 1, "content_type": 14, "object_id": "37", "object_repr": "Umbrellas by George Pagan III", "action_flag": 2, "change_message": "[{\"changed\": {\"fields\": [\"Has options\"]}}]"}}, {"model": "admin.logentry", "pk": 98, "fields": {"action_time": "2022-03-23T17:38:05.322Z", "user": 1, "content_type": 14, "object_id": "21", "object_repr": "Brown Floral by Jon Tyson", "action_flag": 2, "change_message": "[]"}}, {"model": "admin.logentry", "pk": 99, "fields": {"action_time": "2022-03-23T17:38:12.750Z", "user": 1, "content_type": 14, "object_id": "18", "object_repr": "Flowers on a wall by Judson Moore", "action_flag": 2, "change_message": "[]"}}, {"model": "admin.logentry", "pk": 100, "fields": {"action_time": "2022-03-23T17:38:20.816Z", "user": 1, "content_type": 14, "object_id": "38", "object_repr": "Geo by Magic Pattern", "action_flag": 2, "change_message": "[{\"changed\": {\"fields\": [\"Has options\"]}}]"}}, {"model": "admin.logentry", "pk": 101, "fields": {"action_time": "2022-03-23T17:38:31.513Z", "user": 1, "content_type": 14, "object_id": "39", "object_repr": "Mosaic by Max Williams", "action_flag": 2, "change_message": "[{\"changed\": {\"fields\": [\"Has options\"]}}]"}}, {"model": "admin.logentry", "pk": 102, "fields": {"action_time": "2022-03-23T17:38:40.732Z", "user": 1, "content_type": 14, "object_id": "40", "object_repr": "Stars ny Alesia Kozic", "action_flag": 2, "change_message": "[{\"changed\": {\"fields\": [\"Has options\"]}}]"}}, {"model": "admin.logentry", "pk": 103, "fields": {"action_time": "2022-03-23T17:38:49.217Z", "user": 1, "content_type": 14, "object_id": "41", "object_repr": "Crop circle by", "action_flag": 2, "change_message": "[{\"changed\": {\"fields\": [\"Has options\"]}}]"}}, {"model": "admin.logentry", "pk": 104, "fields": {"action_time": "2022-03-23T17:38:59.001Z", "user": 1, "content_type": 14, "object_id": "42", "object_repr": "Squares by Skylar Kang", "action_flag": 2, "change_message": "[{\"changed\": {\"fields\": [\"Has options\"]}}]"}}, {"model": "admin.logentry", "pk": 105, "fields": {"action_time": "2022-03-23T17:39:08.812Z", "user": 1, "content_type": 14, "object_id": "43", "object_repr": "Eagle by Rome Mike", "action_flag": 2, "change_message": "[{\"changed\": {\"fields\": [\"Has options\"]}}]"}}, {"model": "admin.logentry", "pk": 106, "fields": {"action_time": "2022-03-23T17:39:19.113Z", "user": 1, "content_type": 14, "object_id": "44", "object_repr": "Cityscape by Ryunosuke Kikuno", "action_flag": 2, "change_message": "[{\"changed\": {\"fields\": [\"Has options\"]}}]"}}, {"model": "admin.logentry", "pk": 107, "fields": {"action_time": "2022-03-23T17:39:29.025Z", "user": 1, "content_type": 14, "object_id": "25", "object_repr": "Botanical by Albin Biju", "action_flag": 2, "change_message": "[{\"changed\": {\"fields\": [\"Has options\"]}}]"}}, {"model": "admin.logentry", "pk": 108, "fields": {"action_time": "2022-03-23T17:39:39.897Z", "user": 1, "content_type": 14, "object_id": "26", "object_repr": "lantas De Hojas Rojas Y Verdes by Digital Buggu", "action_flag": 2, "change_message": "[{\"changed\": {\"fields\": [\"Has options\"]}}]"}}, {"model": "admin.logentry", "pk": 109, "fields": {"action_time": "2022-03-23T17:39:58.143Z", "user": 1, "content_type": 14, "object_id": "27", "object_repr": "Red Leaf Pattern by Dmitri Posudin", "action_flag": 2, "change_message": "[{\"changed\": {\"fields\": [\"Has options\"]}}]"}}, {"model": "admin.logentry", "pk": 110, "fields": {"action_time": "2022-03-23T17:40:07.742Z", "user": 1, "content_type": 14, "object_id": "28", "object_repr": "Mushrooms by Drew Anderson", "action_flag": 2, "change_message": "[{\"changed\": {\"fields\": [\"Has options\"]}}]"}}, {"model": "admin.logentry", "pk": 111, "fields": {"action_time": "2022-03-23T17:40:19.247Z", "user": 1, "content_type": 14, "object_id": "18", "object_repr": "Flowers on a wall by Judson Moore", "action_flag": 2, "change_message": "[]"}}, {"model": "admin.logentry", "pk": 112, "fields": {"action_time": "2022-03-23T17:40:26.530Z", "user": 1, "content_type": 14, "object_id": "28", "object_repr": "Mushrooms by Drew Anderson", "action_flag": 2, "change_message": "[]"}}, {"model": "admin.logentry", "pk": 113, "fields": {"action_time": "2022-03-23T17:40:38.664Z", "user": 1, "content_type": 14, "object_id": "29", "object_repr": "Fern by Eugene Golovesov", "action_flag": 2, "change_message": "[{\"changed\": {\"fields\": [\"Has options\"]}}]"}}, {"model": "admin.logentry", "pk": 114, "fields": {"action_time": "2022-03-23T17:40:48.956Z", "user": 1, "content_type": 14, "object_id": "30", "object_repr": "Green and Red by Gustavo Perez", "action_flag": 2, "change_message": "[{\"changed\": {\"fields\": [\"Has options\"]}}]"}}, {"model": "admin.logentry", "pk": 115, "fields": {"action_time": "2022-03-23T17:40:59.263Z", "user": 1, "content_type": 14, "object_id": "30", "object_repr": "Green and Red by Gustavo Perez", "action_flag": 2, "change_message": "[]"}}, {"model": "admin.logentry", "pk": 116, "fields": {"action_time": "2022-03-23T17:41:10.256Z", "user": 1, "content_type": 14, "object_id": "31", "object_repr": "Up Above by  Irina Iriser", "action_flag": 2, "change_message": "[{\"changed\": {\"fields\": [\"Has options\"]}}]"}}, {"model": "admin.logentry", "pk": 117, "fields": {"action_time": "2022-03-23T17:41:19.203Z", "user": 1, "content_type": 14, "object_id": "32", "object_repr": "Macro by Karolina Grabos", "action_flag": 2, "change_message": "[{\"changed\": {\"fields\": [\"Has options\"]}}]"}}, {"model": "admin.logentry", "pk": 118, "fields": {"action_time": "2022-03-23T17:41:29.554Z", "user": 1, "content_type": 14, "object_id": "33", "object_repr": "Transparent Orange by Neosiam 2021", "action_flag": 2, "change_message": "[{\"changed\": {\"fields\": [\"Has options\"]}}]"}}, {"model": "admin.logentry", "pk": 119, "fields": {"action_time": "2022-03-23T17:41:39.496Z", "user": 1, "content_type": 14, "object_id": "34", "object_repr": "CrisCross by Pixabay", "action_flag": 2, "change_message": "[{\"changed\": {\"fields\": [\"Has options\"]}}]"}}, {"model": "admin.logentry", "pk": 120, "fields": {"action_time": "2022-03-23T17:41:50.404Z", "user": 1, "content_type": 14, "object_id": "45", "object_repr": "Spiders by Jason Leung", "action_flag": 2, "change_message": "[{\"changed\": {\"fields\": [\"Has options\"]}}]"}}, {"model": "admin.logentry", "pk": 121, "fields": {"action_time": "2022-03-23T17:42:00.189Z", "user": 1, "content_type": 14, "object_id": "46", "object_repr": "Numbers Game by Jon Tyson", "action_flag": 2, "change_message": "[{\"changed\": {\"fields\": [\"Has options\"]}}]"}}, {"model": "admin.logentry", "pk": 122, "fields": {"action_time": "2022-03-23T17:42:08.477Z", "user": 1, "content_type": 14, "object_id": "47", "object_repr": "by Martin Woortman", "action_flag": 2, "change_message": "[{\"changed\": {\"fields\": [\"Has options\"]}}]"}}, {"model": "admin.logentry", "pk": 123, "fields": {"action_time": "2022-03-23T17:42:19.039Z", "user": 1, "content_type": 14, "object_id": "48", "object_repr": "Capsules by Anna Shvets", "action_flag": 2, "change_message": "[{\"changed\": {\"fields\": [\"Has options\"]}}]"}}, {"model": "admin.logentry", "pk": 124, "fields": {"action_time": "2022-03-23T17:42:56.659Z", "user": 1, "content_type": 14, "object_id": "49", "object_repr": "Red Hot by  Dayvison de Oliveira Silva", "action_flag": 2, "change_message": "[{\"changed\": {\"fields\": [\"Has options\"]}}]"}}, {"model": "admin.logentry", "pk": 125, "fields": {"action_time": "2022-03-23T17:43:06.993Z", "user": 1, "content_type": 14, "object_id": "50", "object_repr": "Buttons by Eva Elijas", "action_flag": 2, "change_message": "[{\"changed\": {\"fields\": [\"Has options\"]}}]"}}, {"model": "admin.logentry", "pk": 126, "fields": {"action_time": "2022-03-23T17:43:15.287Z", "user": 1, "content_type": 14, "object_id": "51", "object_repr": "Blueberries by  Mikhail Nilov", "action_flag": 2, "change_message": "[{\"changed\": {\"fields\": [\"Has options\"]}}]"}}, {"model": "admin.logentry", "pk": 127, "fields": {"action_time": "2022-03-23T17:43:23.377Z", "user": 1, "content_type": 14, "object_id": "53", "object_repr": "Code by Sabrina Gelbart", "action_flag": 2, "change_message": "[{\"changed\": {\"fields\": [\"Has options\"]}}]"}}, {"model": "admin.logentry", "pk": 128, "fields": {"action_time": "2022-03-23T17:43:32.761Z", "user": 1, "content_type": 14, "object_id": "54", "object_repr": "Cactus by Valeriia Miller", "action_flag": 2, "change_message": "[{\"changed\": {\"fields\": [\"Has options\"]}}]"}}, {"model": "admin.logentry", "pk": 129, "fields": {"action_time": "2022-03-23T17:44:12.135Z", "user": 1, "content_type": 14, "object_id": "54", "object_repr": "Cactus by Valeriia Miller", "action_flag": 2, "change_message": "[]"}}, {"model": "admin.logentry", "pk": 130, "fields": {"action_time": "2022-03-23T17:44:21.140Z", "user": 1, "content_type": 14, "object_id": "55", "object_repr": "Pink Flamingos by Stephane Yaich", "action_flag": 2, "change_message": "[{\"changed\": {\"fields\": [\"Has options\"]}}]"}}, {"model": "admin.logentry", "pk": 131, "fields": {"action_time": "2022-03-27T17:06:09.337Z", "user": 1, "content_type": 14, "object_id": "5", "object_repr": "Textured Background by Jason Leung", "action_flag": 2, "change_message": "[{\"changed\": {\"fields\": [\"Image\"]}}]"}}, {"model": "admin.logentry", "pk": 132, "fields": {"action_time": "2022-03-27T17:06:53.552Z", "user": 1, "content_type": 14, "object_id": "5", "object_repr": "Textured Background by Jason Leung", "action_flag": 2, "change_message": "[{\"changed\": {\"fields\": [\"Image\"]}}]"}}, {"model": "admin.logentry", "pk": 133, "fields": {"action_time": "2022-03-27T17:07:04.591Z", "user": 1, "content_type": 14, "object_id": "6", "object_repr": "Lego by Omar Flores", "action_flag": 2, "change_message": "[{\"changed\": {\"fields\": [\"Image\"]}}]"}}, {"model": "admin.logentry", "pk": 134, "fields": {"action_time": "2022-03-27T17:07:18.771Z", "user": 1, "content_type": 14, "object_id": "6", "object_repr": "Lego by Omar Flores", "action_flag": 2, "change_message": "[{\"changed\": {\"fields\": [\"Image\"]}}]"}}, {"model": "auth.user", "pk": 1, "fields": {"password": "pbkdf2_sha256$260000$b2ep5C76cZiA3IV1n9tRWD$5IcEkayNqLfzOkhLrAxQERCGFMymx+AtBakBCORIAcw=", "last_login": "2022-04-10T12:06:11.697Z", "is_superuser": true, "username": "pattern_mill", "first_name": "", "last_name": "", "email": "nickymacm@gmail.com", "is_staff": true, "is_active": true, "date_joined": "2022-03-09T10:25:44.097Z", "groups": [], "user_permissions": []}}, {"model": "sessions.session", "pk": "bsj9n08czhek0fso0n8acao246tyga49", "fields": {"session_data": ".eJxVjMEOgjAQRP9lz4QItJRy9O43NNvuAlVsDQUTJf67kHDQOcxh3sysYHCZB7MknownaKGA7Dez6G4cdkBXDH3MXQzz5G2-V_KDpvwSicfz0f07GDAN21o2NVWSqcNqk5WIJ9RCO2qsEqgaFLqUTnckhFZKKFuWVLuaZW0rEh1vpwmfbHzoIrTztHAGFntoV5C7-ZnvydiXSf7Ne_DgKcWAI7TFZ9MXDMlNtA:1nb1gi:xvcxvP0ik_VyXJFXRZYALU9FTuw3hDTQPavpSwvJjEg", "expire_date": "2022-04-17T14:58:44.029Z"}}, {"model": "sessions.session", "pk": "c9miw8axo5ge4m69tyypz0cvjpmdfv8v", "fields": {"session_data": ".eJxVjMsOgjAQRf9l1oS0pQ_K0r3f0Ew7RVBSDIVEQ_x3JUGis7o5585dweEyd27JcXI9QQMcil_mMdxi2gRdMV3GMoxpnnpfbpVyt7k8jxSH0979G-gwd59vVWuqVKQWq895hcjQShuo9kaiqVFaoYJtSUprjDReCNJBR6V9RbKN22iOOfdjcvFx76cnNFwwqxkrwOMFmhW4giYtw1CAYN_E64OZg9lvOiQ_ZLWz1-sNF2BZYA:1nZrBE:7SaMpWbENDLIt9UK2T-s7GQfxt7_ZcKnLaXYu0GL-d4", "expire_date": "2022-04-14T09:33:24.754Z"}}, {"model": "sessions.session", "pk": "hp8pbre9jes7ba3q8t80csag4rwwjraw", "fields": {"session_data": ".eJxVjMEOwiAQRP-FsyG1XaD06N1vIAu7tagBA22iMf67bdKDznHmzXsLh8s8uaVycZHEII7i8Nt5DDdO20BXTJcsQ05ziV5uiNzXKs-Z-H7a2T_BhHVa36rX1CmmEbs1XiE2aMEG6r0BND2CbVWwIwFYY8D4tiUdNCvtO4KRN2nlWmNOjp-PWF5iaD5flFo_Vw:1nSDyD:x9yOsvAGEIV22oWPoffWLfgjXMIyBKIqxorPCM7QhgM", "expire_date": "2022-03-24T08:16:25.868Z"}}, {"model": "sessions.session", "pk": "jh4umi74m3zh3ypedwl3szp7hc78hz1e", "fields": {"session_data": ".eJxVjDsOwjAQBe_iGllrb_yjpOcM1tprkwCKpTipEHeHSCmgfTPzXiLSto5x62WJE4uzUOL0uyXKjzLvgO8035rMbV6XKcldkQft8tq4PC-H-3cwUh-_dSBUypNTmUBDyroyDKYOhbVBQOTgExSbQVs0oXpnAS3XBOgYUAfx_gDNOzb6:1ndWKZ:dZzHK5TS7TiR5952VV-Aug2lSXc_qnGGDQVm2yB4BH8", "expire_date": "2022-04-24T12:06:11.701Z"}}, {"model": "sessions.session", "pk": "p122d5f64802y2294vld77xrmk9z6nvf", "fields": {"session_data": ".eJxVjDsOgzAQRO-yNUIG_MGU6XMGa-1dPgkyEQYpEeLuAYkimXLmzdvA4br0bk08u4GggQKy385jeHI8B3pg7KY8THGZB5-fSH6tKb9PxOPtYv8EPab-eKtaU6WYWqyOeIUo0EobqPZGoqlR2lIF25KU1hhpfFmSDpqV9hXJlk9p4pSGKTp-v4b5A01RCquFyMBjB80GBpq4juO-fwGDQUXF:1na02t:48x-GmAEokmS6geOOSlMwqzwhzlZ0tjsfZpY1VScLXE", "expire_date": "2022-04-14T19:01:23.371Z"}}, {"model": "sessions.session", "pk": "zgjt9u1cg1lxu0a3o3izsvnkaei9gs9x", "fields": {"session_data": ".eJxVjMEOwiAQRP-FsyG1XaD06N1vIAu7tagBA22iMf67bdKDznHmzXsLh8s8uaVycZHEII7i8Nt5DDdO20BXTJcsQ05ziV5uiNzXKs-Z-H7a2T_BhHVa36rX1CmmEbs1XiE2aMEG6r0BND2CbVWwIwFYY8D4tiUdNCvtO4KRN2nlWmNOjp-PWF5iaD5flFo_Vw:1naLEC:j2N5M7dR3WzlsOpfO-56CLV_Kr_jWC94pfBlbLretQw", "expire_date": "2022-04-15T17:38:28.814Z"}}, {"model": "sessions.session", "pk": "zwi9risfdnt67b6qcdbdaefngf9xalyk", "fields": {"session_data": ".eJxVjMsOgjAQRf9l1oRgn5Sle7-BTDtFUFIMhURj_HdLUojO5p7MfbzB4hWaN0howjqOBXAFDTAooE7KkzKe4LSByM6pypbaS2YHpg-qDsrbnwJaXJe-XaOf24Hy7M_Porv7sBl0w3CdSjeFZR5suUXK7MbyMpEfzzn7N9Bj7FNb1oq49NQhT2clYoVGGEe11QJ1jcIw6UxHQhithbaMkXLKS2U5ic5vo9HHOEyh9c_HML-gqT5fj-hZmQ:1naFQ7:odQSAQkk7vsHz2PFqlbYlL2TtIsBTZwhR6bXxbCEZjA", "expire_date": "2022-04-15T11:26:23.729Z"}}, {"model": "sites.site", "pk": 1, "fields": {"domain": "the_pattern_mill.com", "name": "The Pattern Mill"}}, {"model": "account.emailaddress", "pk": 1, "fields": {"user": 1, "email": "nickymacm@gmail.com", "verified": true, "primary": true}}, {"model": "products.category", "pk": 1, "fields": {"name": "all_designs", "friendly_name": "All Designs"}}, {"model": "products.category", "pk": 2, "fields": {"name": "abstract", "friendly_name": "Abstract"}}, {"model": "products.category", "pk": 3, "fields": {"name": "floral", "friendly_name": "Floral"}}, {"model": "products.category", "pk": 4, "fields": {"name": "nature", "friendly_name": "Nature"}}, {"model": "products.category", "pk": 5, "fields": {"name": "geometric", "friendly_name": "Geometric"}}, {"model": "products.category", "pk": 6, "fields": {"name": "quirky", "friendly_name": "Quirky"}}, {"model": "products.product", "pk": 5, "fields": {"category": 2, "sku": "ab0101", "name": "Textured Background by Jason Leung", "description": "An abstract textured background design.", "has_sizes": true, "price": "60.00", "rating": "4.60", "image_url": "https://unsplash.com/photos/UMncYEfO9-U", "image": "jason-leung-UMncYEfO9-U-unsplash_TAZgdsy.jpeg"}}, {"model": "products.product", "pk": 6, "fields": {"category": 2, "sku": "ab0102", "name": "Lego by Omar Flores", "description": "Blue, white and red artwork. A beautiful abstract pattern.", "has_sizes": true, "price": "60.00", "rating": null, "image_url": "https://unsplash.com/s/photos/pattern-lego", "image": "omar-flores-lQT_bOWtysE-unsplash_9UjP9VX.jpeg"}}, {"model": "products.product", "pk": 7, "fields": {"category": 2, "sku": "ab0103", "name": "Burst by Alexander Ant", "description": "Abstract background with multicoloured paints.", "has_sizes": true, "price": "60.00", "rating": null, "image_url": "https://www.pexels.com/photo/abstract-background-with-multicolored-paints-7004697/", "image": "pexels-alexander-ant-7004697_YGEll2D.jpeg"}}, {"model": "products.product", "pk": 8, "fields": {"category": 2, "sku": "ab0104", "name": "Fence by Anet Lusina", "description": "Textured surface of metal fence with holes.", "has_sizes": true, "price": "100.00", "rating": null, "image_url": "https://www.pexels.com/photo/textured-surface-of-metal-fence-with-holes-6331025/", "image": "pexels-anete-lusina-6331025_cDBi7o8.jpeg"}}, {"model": "products.product", "pk": 9, "fields": {"category": 2, "sku": "ab0105", "name": "Anni Roenkae", "description": "Tri color background.", "has_sizes": true, "price": "100.00", "rating": null, "image_url": "https://www.pexels.com/photo/tri-color-background-2457317/", "image": "pexels-anni-roenkae-2457317_5PpvLXz.jpeg"}}, {"model": "products.product", "pk": 10, "fields": {"category": 2, "sku": "ab0106", "name": "purple haze by Anni Roenkae", "description": "Close up photo of abstract paint", "has_sizes": true, "price": "60.00", "rating": null, "image_url": "https://www.pexels.com/photo/close-up-photo-of-abstract-paint-2983141/", "image": "pexels-anni-roenkae-2983141_bRJSGsR.jpeg"}}, {"model": "products.product", "pk": 11, "fields": {"category": 2, "sku": "ab0107", "name": "Modern Building by Athena", "description": "Modern building abstract design.", "has_sizes": true, "price": "60.00", "rating": null, "image_url": "https://www.pexels.com/photo/unrecognizable-woman-with-wavy-hair-in-front-of-modern-building-4507553/", "image": "pexels-athena-2254103_VpxR8og.jpeg"}}, {"model": "products.product", "pk": 12, "fields": {"category": 2, "sku": "ab0108", "name": "Diamond by Ben Neale", "description": "Green and grey wallpaper", "has_sizes": true, "price": "70.00", "rating": null, "image_url": "https://www.pexels.com/photo/green-and-gray-wallpaper-380337/", "image": "pexels-ben-neale-380337_Qg0qY09.jpeg"}}, {"model": "products.product", "pk": 13, "fields": {"category": 2, "sku": "ab0109", "name": "Spin by Malens", "description": "Blue and purple abstract design.", "has_sizes": true, "price": "100.00", "rating": null, "image_url": "https://www.pexels.com/photo/art-pattern-abstract-design-2157895/", "image": "pexels-bymalens-2157895_XgGPmAb.jpeg"}}, {"model": "products.product", "pk": 14, "fields": {"category": 2, "sku": "ab0110", "name": "By Malen", "description": "Artwork designed with lines and shapes.", "has_sizes": true, "price": "60.00", "rating": null, "image_url": "https://www.pexels.com/photo/artwork-designed-with-lines-and-shapes-2268540/", "image": "pexels-bymalens-2268535_bK10BVB.jpeg"}}, {"model": "products.product", "pk": 15, "fields": {"category": 3, "sku": "fl0201", "name": "Tiles by Angele Kamp", "description": "Exquisite tiled floral pattern.", "has_sizes": true, "price": "100.00", "rating": null, "image_url": "https://unsplash.com/photos/-OQbUQce54k", "image": "angele-kamp--OQbUQce54k-unsplash_1Xl5Dcz.jpeg"}}, {"model": "products.product", "pk": 16, "fields": {"category": 3, "sku": "fl0202", "name": "Strawberry Thief by William Morris & Co", "description": "Printed Fabric - a curtain with 'Strawberry Thief' pattern Design by William Morris & Co.", "has_sizes": true, "price": "200.00", "rating": null, "image_url": "https://unsplash.com/photos/Bin0C2RtQpI", "image": "birmingham-museums-trust-Bin0C2RtQpI-unsplash_Aso1N4R.jpeg"}}, {"model": "products.product", "pk": 17, "fields": {"category": 3, "sku": "fl0203", "name": "Roses by B.P Miller", "description": "Black, white and pink textile pattern.", "has_sizes": true, "price": "100.00", "rating": null, "image_url": "https://unsplash.com/photos/p4w4FUmOuus", "image": "bp-miller-p4w4FUmOuus-unsplash_EyG8y9z.jpeg"}}, {"model": "products.product", "pk": 18, "fields": {"category": 3, "sku": "fl0205", "name": "Flowers on a wall by Judson Moore", "description": "White, orange and blue floral textile pattern.", "has_sizes": true, "price": "60.00", "rating": null, "image_url": "https://unsplash.com/photos/UrgYjACxvaI", "image": "judson-moore-UrgYjACxvaI-unsplash_jVQTcxG.jpeg"}}, {"model": "products.product", "pk": 19, "fields": {"category": 3, "sku": "fl0206", "name": "Flower Power by Magda Ehlers", "description": "Bright and whimsical flower pattern.", "has_sizes": true, "price": "80.00", "rating": null, "image_url": "https://www.pexels.com/@magda-ehlers-pexels/collections/", "image": "pexels-magda-ehlers-4239915_OtXX0ne.jpeg"}}, {"model": "products.product", "pk": 20, "fields": {"category": 3, "sku": "fl0208", "name": "Neosiam 2021", "description": "Tilt lens photography of white flowers creating a bright engaging pattern.", "has_sizes": true, "price": "80.00", "rating": null, "image_url": "https://www.pexels.com/photo/tilt-lens-photography-of-white-flowers-673535/", "image": "pexels-neosiam-673535_9EiCSHj.jpeg"}}, {"model": "products.product", "pk": 21, "fields": {"category": 3, "sku": "fl0204", "name": "Brown Floral by Jon Tyson", "description": "A mixture of browns and greys make this repeat pattern perfect for textiles.", "has_sizes": true, "price": "70.00", "rating": null, "image_url": "https://unsplash.com/@jontyson", "image": "jon-tyson-Q9tbTd9UmkM-unsplash_UmmVFW5.jpeg"}}, {"model": "products.product", "pk": 22, "fields": {"category": 3, "sku": "fl0207", "name": "flowers by Sun Jin Cho", "description": "Besutiful assortment of pink, oramge and white flowers.", "has_sizes": true, "price": "100.00", "rating": null, "image_url": "https://unsplash.com/s/photos/flower-sung-jin-cho", "image": "sung-jin-cho-xzLOr_1aiZ0-unsplash_M7vJaVY.jpeg"}}, {"model": "products.product", "pk": 23, "fields": {"category": 3, "sku": "fl0209", "name": "Kaleidoscope by Suzy Hazelwood", "description": "Floral pattern on grey background", "has_sizes": true, "price": "100.00", "rating": null, "image_url": "https://www.pexels.com/photo/floral-pattern-on-gray-background-5736063/", "image": "pexels-suzy-hazelwood-5736063_6jwnpvV.jpeg"}}, {"model": "products.product", "pk": 24, "fields": {"category": 3, "sku": "fl0210", "name": "flora dance by Suzy Hazelwood", "description": "Yellow flowers with black background.", "has_sizes": true, "price": "100.00", "rating": null, "image_url": "https://www.pexels.com/photo/yellow-flowers-with-black-background-5736017/", "image": "pexels-suzy-hazelwood-5736017_M4R08WW.jpeg"}}, {"model": "products.product", "pk": 25, "fields": {"category": 4, "sku": "nt0301", "name": "Botanical by Albin Biju", "description": "Black and white leaf pattern.", "has_sizes": true, "price": "80.00", "rating": null, "image_url": "https://www.pexels.com/es-es/foto/ligero-naturaleza-oscuro-verano-5800553/", "image": "pexels-albin-biju-5800553_XmdRwNW.jpeg"}}, {"model": "products.product", "pk": 26, "fields": {"category": 4, "sku": "nt0302", "name": "lantas De Hojas Rojas Y Verdes by Digital Buggu", "description": "Plant pattern with green and pink leaves.", "has_sizes": true, "price": "80.00", "rating": null, "image_url": "https://www.pexels.com/es-es/foto/plantas-de-hojas-rojas-y-verdes-217763/", "image": "pexels-digital-buggu-217763_aLryoyB.jpeg"}}, {"model": "products.product", "pk": 27, "fields": {"category": 4, "sku": "nt0303", "name": "Red Leaf Pattern by Dmitri Posudin", "description": "Red leaf pattern with embossing.", "has_sizes": true, "price": "100.00", "rating": null, "image_url": "https://www.pexels.com/photo/red-leaf-pattern-4887769/", "image": "pexels-dmitri-posudin-4887769_JXGGaPl.jpeg"}}, {"model": "products.product", "pk": 28, "fields": {"category": 3, "sku": "nt0304", "name": "Mushrooms by Drew Anderson", "description": "Grayscale pattern of mushrooms", "has_sizes": true, "price": "100.00", "rating": null, "image_url": "https://www.pexels.com/photo/grayscale-photo-of-mushrooms-6532557/", "image": "pexels-drew-anderson-6532557_b0crvcN.jpeg"}}, {"model": "products.product", "pk": 29, "fields": {"category": 4, "sku": "nt0305", "name": "Fern by Eugene Golovesov", "description": "Close up shot of fern leaves pattern.", "has_sizes": true, "price": "120.00", "rating": null, "image_url": "https://www.pexels.com/photo/close-up-shot-of-fern-leaves-9158148/", "image": "pexels-eugene-golovesov-9158148_mWjA00B.jpeg"}}, {"model": "products.product", "pk": 30, "fields": {"category": 4, "sku": "nt0306", "name": "Green and Red by Gustavo Perez", "description": "Green and red plant pattern", "has_sizes": true, "price": "80.00", "rating": null, "image_url": "https://www.pexels.com/photo/green-and-red-plant-2351676/", "image": "pexels-gustavo-peres-2351676_iw3Auu6.jpeg"}}, {"model": "products.product", "pk": 31, "fields": {"category": 4, "sku": "nt0307", "name": "Up Above by  Irina Iriser", "description": "Above view of green plant pattern.", "has_sizes": true, "price": "120.00", "rating": null, "image_url": "https://www.pexels.com/es-es/foto/foto-de-vista-superior-de-plantas-verdes-1090972/", "image": "pexels-irina-iriser-1090972_AOxQiNG.jpeg"}}, {"model": "products.product", "pk": 32, "fields": {"category": 4, "sku": "nt0308", "name": "Macro by Karolina Grabos", "description": "Macro photo of leaf pattern.", "has_sizes": true, "price": "90.00", "rating": null, "image_url": "https://www.pexels.com/photo/macro-photo-of-a-leaf-4590528/", "image": "pexels-karolina-grabowska-4590528_CngAYnS.jpeg"}}, {"model": "products.product", "pk": 33, "fields": {"category": 4, "sku": "nt0309", "name": "Transparent Orange by Neosiam 2021", "description": "Colorful transparent texture of natural background.", "has_sizes": true, "price": "180.00", "rating": null, "image_url": "https://www.pexels.com/photo/colorful-transparent-texture-of-natural-background-4498792/", "image": "pexels-neosiam-4498792_73rZJZT.jpeg"}}, {"model": "products.product", "pk": 34, "fields": {"category": 4, "sku": "nt0310", "name": "CrisCross by Pixabay", "description": "Close up of reeds criss crossed together in the sun pattern.", "has_sizes": true, "price": "180.00", "rating": null, "image_url": "https://www.pexels.com/es-es/@pixabay?filter=photos", "image": "pexels-pixabay-70346_x2w6ZCk.jpeg"}}, {"model": "products.product", "pk": 35, "fields": {"category": 5, "sku": "ge0402", "name": "Mountains by Andrej Lisakov", "description": "Simple coloured background, red blue grey.", "has_sizes": true, "price": "100.00", "rating": null, "image_url": "https://unsplash.com/photos/V2OyJtFqEtY", "image": "andrej-lisakov-V2OyJtFqEtY-unsplash_sOsrBo7.jpeg"}}, {"model": "products.product", "pk": 36, "fields": {"category": 5, "sku": "ge0401", "name": "Sailing by Faith Kgqu", "description": "Colourful textured geometric mural pattern.", "has_sizes": true, "price": "200.00", "rating": null, "image_url": "https://unsplash.com/s/photos/fatih-kgqu", "image": "fatih-kgqu_qs3B78-unsplash_IqtTmPG.jpeg"}}, {"model": "products.product", "pk": 37, "fields": {"category": 5, "sku": "ge0403", "name": "Umbrellas by George Pagan III", "description": "Multicoloured triangles geometric pattern.", "has_sizes": true, "price": "150.00", "rating": null, "image_url": "https://unsplash.com/photos/WwCTFNpZx8g", "image": "george-pagan-iii-WwCTFNpZx8g-unsplash_IrjX9OZ.jpeg"}}, {"model": "products.product", "pk": 38, "fields": {"category": 5, "sku": "ge0404", "name": "Geo by Magic Pattern", "description": "Blue and white checkered geometric pattern.", "has_sizes": true, "price": "150.00", "rating": null, "image_url": "https://unsplash.com/photos/KfFmwa7m5VQ", "image": "magicpattern-KfFmwa7m5VQ-unsplash_4qlSS7B.jpeg"}}, {"model": "products.product", "pk": 39, "fields": {"category": 5, "sku": "ge0405", "name": "Mosaic by Max Williams", "description": "Colourful Mosaic with Triangles and Diamonds.", "has_sizes": true, "price": "200.00", "rating": null, "image_url": "https://unsplash.com/photos/_OoK2W7OPRM", "image": "max-williams-_OoK2W7OPRM-unsplash_wsl4wZl.jpeg"}}, {"model": "products.product", "pk": 40, "fields": {"category": 5, "sku": "ge0406", "name": "Stars ny Alesia Kozic", "description": "A Close-Up Shot of a geometric artwork pattern.", "has_sizes": true, "price": "80.00", "rating": null, "image_url": "https://www.pexels.com/photo/a-close-up-shot-of-an-artwork-7181867/", "image": "pexels-alesia-kozik-7181867_c0PzEnh.jpeg"}}, {"model": "products.product", "pk": 41, "fields": {"category": 5, "sku": "ge0407", "name": "Crop circle by", "description": "Textured placemat with creative geometric patterns.", "has_sizes": true, "price": "80.00", "rating": null, "image_url": "https://www.pexels.com/photo/textured-placemat-with-creative-patterns-7726012/", "image": "pexels-dimitry-zub-7726012_Rzi4KqK.jpeg"}}, {"model": "products.product", "pk": 42, "fields": {"category": 5, "sku": "ge0408", "name": "Squares by Skylar Kang", "description": "Geometric background of fabric with seamless pattern.", "has_sizes": true, "price": "80.00", "rating": null, "image_url": "https://www.pexels.com/photo/abstract-background-of-fabric-with-seamless-pattern-6044450/", "image": "pexels-skylar-kang-6044450_7H9R77K.jpeg"}}, {"model": "products.product", "pk": 43, "fields": {"category": 5, "sku": "ge0409", "name": "Eagle by Rome Mike", "description": "Handmade colorful cloth with geometric lines.", "has_sizes": true, "price": "80.00", "rating": null, "image_url": "https://www.pexels.com/photo/handmade-colorful-cloth-with-geometric-lines-3796558/", "image": "pexels-tropojan-eagle-3796558_2rkh6Oz.jpeg"}}, {"model": "products.product", "pk": 44, "fields": {"category": 5, "sku": "ge0410", "name": "Cityscape by Ryunosuke Kikuno", "description": "Geometric green and grey cubes.", "has_sizes": true, "price": "150.00", "rating": null, "image_url": "https://unsplash.com/@ryunosuke_kikuno", "image": "ryunosuke-kikuno-RKwivgSTXVI-unsplash_ZiUOkfH.jpeg"}}, {"model": "products.product", "pk": 45, "fields": {"category": 6, "sku": "qr0501", "name": "Spiders by Jason Leung", "description": "Black and white spiders and monsters  making faces.", "has_sizes": false, "price": "100.00", "rating": null, "image_url": "https://unsplash.com/@ninjason", "image": "jason-leung-73LVfWy-t0A-unsplash_gzwtRk5.jpeg"}}, {"model": "products.product", "pk": 46, "fields": {"category": 6, "sku": "qr0502", "name": "Numbers Game by Jon Tyson", "description": "Black and white pattern of numbers.", "has_sizes": false, "price": "100.00", "rating": null, "image_url": "https://unsplash.com/@jontyson", "image": "jon-tyson-Vl9u94L3NTQ-unsplash_3MXAaoK.jpeg"}}, {"model": "products.product", "pk": 47, "fields": {"category": 6, "sku": "qr0503", "name": "by Martin Woortman", "description": "Red yellow and blue striped pattern.", "has_sizes": false, "price": "100.00", "rating": null, "image_url": "https://unsplash.com/photos/Ip3YaugLmy8", "image": "martin-woortman-Ip3YaugLmy8-unsplash_UIaPGvE.jpeg"}}, {"model": "products.product", "pk": 48, "fields": {"category": 6, "sku": "qr0504", "name": "Capsules by Anna Shvets", "description": "White capsules on yellow background.", "has_sizes": false, "price": "100.00", "rating": null, "image_url": "https://www.pexels.com/photo/white-capsules-on-yellow-background-3683056/", "image": "pexels-anna-shvets-3683056_A2dqj7V.jpeg"}}, {"model": "products.product", "pk": 49, "fields": {"category": 6, "sku": "qr0505", "name": "Red Hot by  Dayvison de Oliveira Silva", "description": "Red chili peppers arranged in rows on yellow surface.", "has_sizes": false, "price": "100.00", "rating": null, "image_url": "https://www.pexels.com/photo/red-chili-peppers-arranged-in-rows-on-yellow-surface-5695902/", "image": "pexels-dayvison-de-oliveira-silva-5695902_4RgK1NA.jpeg"}}, {"model": "products.product", "pk": 50, "fields": {"category": 6, "sku": "qr0506", "name": "Buttons by Eva Elijas", "description": "Pink and white circular candy.", "has_sizes": false, "price": "60.00", "rating": null, "image_url": "https://www.pexels.com/es-es/foto/botones-redondos-blancos-y-rojos-5758312/", "image": "pexels-eva-elijas-5758312_YTNRVHS.jpeg"}}, {"model": "products.product", "pk": 51, "fields": {"category": 6, "sku": "qr0507", "name": "Blueberries by  Mikhail Nilov", "description": "Blueberry pattern on purple background", "has_sizes": false, "price": "80.00", "rating": null, "image_url": "https://www.pexels.com/es-es/@mikhail-nilov?filter=photos", "image": "pexels-mikhail-nilov-7676740_Ymv1Jb6.jpeg"}}, {"model": "products.product", "pk": 53, "fields": {"category": 6, "sku": "qr0508", "name": "Code by Sabrina Gelbart", "description": "Full frame shot of quirky pattern.", "has_sizes": false, "price": "200.00", "rating": null, "image_url": "https://www.pexels.com/es-es/foto/disparo-de-fotograma-completo-de-patron-abstracto-249798/", "image": "pexels-sabrina-gelbart-249798_snDo9s6.jpeg"}}, {"model": "products.product", "pk": 54, "fields": {"category": 6, "sku": "qr0509", "name": "Cactus by Valeriia Miller", "description": "Cactus with pink background.", "has_sizes": false, "price": "120.00", "rating": null, "image_url": "https://www.pexels.com/es-es/foto/naturaleza-modelo-textura-planta-4712923/", "image": "pexels-valeriia-miller-4712923_sJxAjtN.jpeg"}}, {"model": "products.product", "pk": 55, "fields": {"category": 6, "sku": "qr0510", "name": "Pink Flamingos by Stephane Yaich", "description": "Pink flamingo pattern.", "has_sizes": false, "price": "120.00", "rating": null, "image_url": "https://unsplash.com/photos/pUV1phrNReo", "image": "stephane-yaich-pUV1phrNReo-unsplash_3Is17VQ.jpeg"}}, {"model": "checkout.order", "pk": 1, "fields": {"order_number": "6203295233884CAA8A94AD8FA2524965", "full_name": "Nicola Mac Mahon", "email": "nickymacm@gmail.com", "phone_number": "650531103", "country": "Spain", "postcode": "14008", "town_or_city": "Cordoba", "street_address1": "Paseo de la Victoria 1/8b", "street_address2": null, "county": "Cordoba", "date": "2022-04-03T07:49:32.206Z", "delivery_cost": "19.00", "order_total": "190.00", "grand_total": "209.00", "original_bag": "", "stripe_pid": ""}}, {"model": "checkout.order", "pk": 2, "fields": {"order_number": "30115EE9DCDC4D0C977BC9F156EDABEF", "full_name": "Nicola Mac Mahon", "email": "nickymacm@gmail.com", "phone_number": "650631103", "country": "Spain", "postcode": "18190", "town_or_city": "Cenes de la Vega", "street_address1": "Calle Nardos, 3", "street_address2": null, "county": "Granada", "date": "2022-04-03T07:59:41.210Z", "delivery_cost": "10.00", "order_total": "100.00", "grand_total": "110.00", "original_bag": "", "stripe_pid": ""}}, {"model": "checkout.order", "pk": 3, "fields": {"order_number": "434C9FB9AAAA4125945263AE3DD42B6C", "full_name": "Nicola Mac Mahon", "email": "nickymacm@gmail.com", "phone_number": "650531103", "country": "Spain", "postcode": "14008", "town_or_city": "Cordoba", "street_address1": "Paseo de la Victoria 1/8b", "street_address2": null, "county": "Cordoba", "date": "2022-04-03T08:01:02.598Z", "delivery_cost": "10.00", "order_total": "100.00", "grand_total": "110.00", "original_bag": "", "stripe_pid": ""}}, {"model": "checkout.order", "pk": 4, "fields": {"order_number": "8C495D41E5E64E0B9FAF4A6A25DFB4AD", "full_name": "Nicola Mac Mahon", "email": "nickymacm@gmail.com", "phone_number": "650531103", "country": "Spain", "postcode": "14008", "town_or_city": "Cordoba", "street_address1": "Paseo de la Victoria 1/8b", "street_address2": null, "county": "Cordoba", "date": "2022-04-03T08:35:08.989Z", "delivery_cost": "6.00", "order_total": "60.00", "grand_total": "66.00", "original_bag": "", "stripe_pid": ""}}, {"model": "checkout.order", "pk": 5, "fields": {"order_number": "3156DADF486347CD8AA66BA87650BA04", "full_name": "Nicola Mac Mahon", "email": "nickymacm@gmail.com", "phone_number": "+34650631103", "country": "US", "postcode": "18010", "town_or_city": "Granada", "street_address1": "Cuesta de chapiz 18", "street_address2": "Bajo 2, Albayzin", "county": "Granada", "date": "2022-04-03T13:59:03.500Z", "delivery_cost": "10.00", "order_total": "100.00", "grand_total": "110.00", "original_bag": "", "stripe_pid": ""}}, {"model": "checkout.order", "pk": 6, "fields": {"order_number": "533226EA08F845EC9331F686A29B37FD", "full_name": "Nicola Mac Mahon", "email": "nickymacm@gmail.com", "phone_number": "+34650631103", "country": "ES", "postcode": "18010", "town_or_city": "Granada", "street_address1": "Cuesta de chapiz 18", "street_address2": "Bajo 2, Albayzin", "county": "Granada", "date": "2022-04-03T14:52:27.428Z", "delivery_cost": "10.00", "order_total": "100.00", "grand_total": "110.00", "original_bag": "{\"35\": {\"items_by_size\": {\"commercial\": 1}}}", "stripe_pid": "pi_3KkUmeAjEPNREPT21RKx4VAg"}}, {"model": "checkout.orderlineitem", "pk": 1, "fields": {"order": 1, "product": 8, "product_size": "personal", "quantity": 1, "lineitem_total": "100.00"}}, {"model": "checkout.orderlineitem", "pk": 2, "fields": {"order": 1, "product": 32, "product_size": "personal", "quantity": 1, "lineitem_total": "90.00"}}, {"model": "checkout.orderlineitem", "pk": 3, "fields": {"order": 2, "product": 13, "product_size": "personal", "quantity": 1, "lineitem_total": "100.00"}}, {"model": "checkout.orderlineitem", "pk": 4, "fields": {"order": 3, "product": 48, "product_size": null, "quantity": 1, "lineitem_total": "100.00"}}, {"model": "checkout.orderlineitem", "pk": 5, "fields": {"order": 4, "product": 6, "product_size": "personal", "quantity": 1, "lineitem_total": "60.00"}}, {"model": "checkout.orderlineitem", "pk": 6, "fields": {"order": 5, "product": 24, "product_size": "commercial", "quantity": 1, "lineitem_total": "100.00"}}, {"model": "checkout.orderlineitem", "pk": 7, "fields": {"order": 6, "product": 35, "product_size": "commercial", "quantity": 1, "lineitem_total": "100.00"}}]